<?xml version="1.0" encoding="ISO-8859-1"?>
<project name="BCEL" href="http://jakarta.apache.org/bcel">

  <title>BCEL</title>
  <logo href="/images/bcel-logo.gif">BCEL</logo>

  <body>
    <menu name="BCEL">
      <item name="Front Page" href="/index.html"/>
      <item name="News &amp; Status" href="/news.html"/>
    </menu>

    <menu name="Documentation">
      <item name="Manual" href="/manual.html"/>
      <item name="FAQ" href="/faq.html"/>
      <item name="API" href="/api/index.html"/>
    </menu>

    <menu name="Download">
      <item name="Binaries" href="/site/binindex.html"/>
      <item name="Source Code" href="/site/sourceindex.html"/>
    </menu>

    <menu name="Get Involved">
      <item name="SVN Repository" href="http://svn.apache.org/viewcvs.cgi/jakarta/bcel/"/>
      <item name="Mailing Lists" href="http://jakarta.apache.org/site/mail.html"/>
      <item name="Issue Tracking" href="http://jakarta.apache.org/site/bugs.html"/>
      <item name="Contributors" href="/contributors.html"/>
      <item name="License" href="/license.html"/>
      <item name="Projects" href="/projects.html"/>
    </menu>
    <menu name="Translated (Web)">
      <item name="Japanese"   href="http://www.terra-intl.com/jakarta/bcel/"/>
    </menu>
</body>
</project>
