<?xml version="1.0"?>
<project>

  <pomVersion>3</pomVersion>
  <name>jakarta-bcel</name>
  <id>bcel</id>
  <currentVersion>5.2</currentVersion>
  <organization>
    <name>Apache Software Foundation</name>
    <url>http://www.apache.org</url>
    <logo>http://jakarta.apache.org/images/jakarta-logo.gif</logo>
  </organization>
  <inceptionYear>2002</inceptionYear>
  <package>org.apache.bcel</package>

  <logo>/images/bcel-logo.gif</logo>

  <shortDescription>Bytecode Engineering Library</shortDescription>

  <description>
    Bytecode Engineering Library
  </description>

  <licenses>
    <license>
      <name>The Apache Software License, Version 2.0</name>
      <url>/LICENSE.txt</url>
      <distribution>repo</distribution>
    </license>
  </licenses>

  <gumpRepositoryId>jakarta</gumpRepositoryId>
  <url>http://jakarta.apache.org/bcel/</url>
  <issueTrackingUrl>http://issues.apache.org/bugzilla</issueTrackingUrl>
  <siteAddress>people.apache.org</siteAddress>
  <siteDirectory>/home/tcurdt/public_html/bcel/rc3/site</siteDirectory>
<!--
  <siteDirectory>/www/jakarta.apache.org/bcel/</siteDirectory>
-->
  <repository>
    <connection>scm:svn:http://svn.apache.org/repos/asf/jakarta/bcel/trunk</connection>
    <url>http://svn.apache.org/repos/asf/jakarta/bcel/trunk</url>
  </repository>

  <mailingLists>
    <mailingList>
      <name>BCEL User List</name>
      <subscribe>bcel-user-subscribe@jakarta.apache.org</subscribe>
      <unsubscribe>bcel-user-unsubscribe@jakarta.apache.org</unsubscribe>
      <archive>http://www.mail-archive.com/bcel-user@jakarta.apache.org/</archive>
    </mailingList>
    <mailingList>
      <name>BCEL Developer List</name>
      <subscribe>bcel-dev-subscribe@jakarta.apache.org</subscribe>
      <unsubscribe>bcel-dev-unsubscribe@jakarta.apache.org</unsubscribe>
      <archive>http://www.mail-archive.com/bcel-dev@jakarta.apache.org/</archive>
    </mailingList>
  </mailingLists>

  <developers>

    <developer>
      <name>Markus Dahm</name>
      <id>mdahm</id>
      <email>m.dahm at gmx.de</email>
      <organization>it-frameworksolutions</organization>
    </developer>

    <developer>
      <name>Jason van Zyl</name>
      <id>jvanzyl</id>
      <email>jason at zenplex.com</email>
      <organization>Zenplex</organization>
    </developer>

    <developer>
      <name>Enver Haase</name>
      <id>ehaase</id>
      <email>enver at convergence.de</email>
      <organization>convergence</organization>
    </developer>

    <developer>
      <name>Dave Brosius</name>
      <id>dbrosius</id>
      <email>dbrosius at mebigfatguy.com</email>
    </developer>

    <developer>
      <name>Torsten Curdt</name>
      <id>tcurdt</id>
      <email>tcurdt at apache.org</email>
    </developer>

  </developers>

  <dependencies>

    <dependency>
      <id>regexp</id>
      <version>1.2</version>
    </dependency>

    <!--
    <dependency>
      <groupId>maven-plugins</groupId>
      <artifactId>maven-cobertura-plugin</artifactId>
      <version>1.1</version>
      <type>plugin</type>
    </dependency>
    -->

  </dependencies>

  <build>

    <sourceDirectory>src/java</sourceDirectory>

    <resources>
      <resource>
        <directory>${basedir}</directory>
          <includes>
            <include>NOTICE.txt</include>
          </includes>
          <targetPath>META-INF</targetPath>
      </resource>
    </resources>

    <!--
    <testSourceDirectory>src/java</testSourceDirectory>

    <unitTestPatterns>
      <unitTestPattern>exclude = **/*.class</unitTestPattern>
    </unitTestPatterns>
    -->

  </build>

  <reports>
     <report>maven-license-plugin</report>
     <report>maven-changelog-plugin</report>
     <report>maven-changes-plugin</report>
     <report>maven-developer-activity-plugin</report>
     <report>maven-javadoc-plugin</report>
     <!-- <report>maven-junit-report-plugin</report> -->
     <!-- <report>maven-cobertura-plugin</report> -->
     <report>maven-jxr-plugin</report>
     <report>maven-pmd-plugin</report>
     <!-- <report>maven-tasklist-plugin</report> -->
     <!-- <report>maven-linkcheck-plugin</report> -->
     <!-- <report>maven-findbugs-plugin</report> -->
     <!-- <report>maven-jellydoc-plugin</report> -->
     <!-- <report>maven-statcvs-plugin</report> -->
  </reports>

</project>


