<?xml version="1.0"?>

<document>
  <properties>
    <title>BCEL Contributors</title>
  </properties>

  <body>

  <section name="Developers">
  <p>
    <table>
      <tr>
        <td>Dave Brosius</td>
        <td>dbrosius at mebigfatguy.com</td>
      </tr>
      <tr>
        <td>Markus Dahm</td>
        <td>m.dahm at gmx.de</td>
      </tr>
      <tr>
        <td>Torsten Curdt</td>
        <td>tcurdt at apache.org</td>
      </tr>
    </table>
  </p>
  </section>

  <section name="Past Contributors">
  <p>
    <table>
      <tr>
        <td>David Dixon-Peugh</td>
        <td>dixonpeugh at yahoo.com</td>
      </tr>
      <tr>
        <td>Patrick Beard</td>
        <td>beard at netscape.com</td>
      </tr>
      <tr>
        <td>Conor MacNeill</td>
        <td>conor at cortexbusiness.com.au</td>
      </tr>
      <tr>
        <td>Costin Manolache</td>
        <td>cmanolache at yahoo.com</td>
      </tr>
      <tr>
        <td>Jason van Zyl</td>
        <td>jvanzyl at zenplex.com</td>
      </tr>
      <tr>
        <td>Enver Haase</td>
        <td>enver at convergence.de</td>
      </tr>
    </table>
  </p>
  </section>

</body>
</document>
