<?xml version="1.0"?>
<document>

  <properties>
    <title>News and Status</title>
  </properties>

  <body>

  <section name="News and Status">

  <h3>4. June 2006 - BCEL 5.2 released!</h3>
  <p>
    The Byte Code Engineering Library version 5.2 has been released
    after a long period of testing. It mainly contains bug fixes.
  </p>

  <h3>25. April 2003 - BCEL 5.1 released!</h3>
  <p>
    The Byte Code Engineering Library version 5.1 has been released
    after a long period of testing. It mainly contains bug fixes
    and introduces the possibility to use custom repositories.
  </p>

  <h3>27. October 2001 - BCEL moves to Jakarta!</h3>
  <p>
    The Byte Code Engineering Library is now an official
    subproject of Jakarta. A special thanks goes to Markus Dahm
    for donating the code to the Jakarta Project.
  </p>

  <hr noshade="" size="1"/>
                       
  </section>

  </body>
</document>
